horizon_months,rank,strategy,label,family,asset_events,asset_successes,asset_probability_pct,independent_market_episodes,independent_events,successes,empirical_probability,probability_pct,confidence_95_low_pct,confidence_95_high_pct,familywise_confidence_low_pct,familywise_confidence_high_pct,median_net_return_pct,quartile_25_net_return_pct,worst_net_return_pct,worst_drawdown_pct,qualifies
1,1,drawdown_recovery_40,40% Drawdown Recovery,reversal,69,7,10.14,20,20,4,0.2,20.0,8.07,41.6,3.77,61.46,0.43,-2.07,-17.15,-21.09,False
1,2,rsi28_recovery,RSI 28 Recovery,reversal,273,12,4.4,81,81,5,0.06172839506172839,6.17,2.67,13.65,1.33,24.34,1.26,-1.25,-27.11,-36.18,False
1,3,drawdown_recovery_30,30% Drawdown Recovery,reversal,132,11,8.33,35,35,2,0.05714285714285714,5.71,1.58,18.61,0.63,36.77,1.2,-1.91,-17.15,-21.09,False
1,4,drawdown_recovery,25% Drawdown Recovery,reversal,68,5,7.35,21,21,1,0.047619047619047616,4.76,0.85,22.67,0.29,46.21,2.91,-1.17,-15.77,-21.09,False
1,5,momentum_rank_90,Top Relative Momentum 90,momentum,650,22,3.38,208,208,4,0.019230769230769232,1.92,0.75,4.84,0.35,9.77,0.97,-1.98,-17.28,-22.57,False
1,6,drawdown_recovery_20,20% Drawdown Recovery,reversal,248,14,5.65,59,59,1,0.01694915254237288,1.69,0.3,9.0,0.1,22.36,1.83,-1.71,-17.15,-21.09,False
1,7,momentum_rank_365,Top Relative Momentum 365,momentum,636,23,3.62,206,206,3,0.014563106796116505,1.46,0.5,4.19,0.22,9.09,1.27,-1.7,-20.95,-22.57,False
1,8,rsi14_recovery,RSI 14 Recovery,reversal,565,14,2.48,140,140,2,0.014285714285714285,1.43,0.39,5.06,0.16,11.83,1.45,-1.53,-27.11,-36.18,False
1,9,buy_hold,Buy & Hold Benchmark,benchmark,3038,113,3.72,217,217,3,0.013824884792626729,1.38,0.47,3.99,0.21,8.66,1.24,-1.78,-27.11,-43.09,False
1,10,bollinger_recovery,Bollinger Recovery,reversal,354,11,3.11,95,95,1,0.010526315789473684,1.05,0.19,5.72,0.06,15.02,1.45,-1.22,-27.11,-36.18,False
1,11,momentum,Top Relative Momentum 180,momentum,606,19,3.14,202,202,2,0.009900990099009901,0.99,0.27,3.54,0.11,8.44,1.08,-1.79,-17.28,-22.57,False
1,12,momentum_270,270-Day Absolute Momentum,momentum,2463,65,2.64,205,205,2,0.00975609756097561,0.98,0.27,3.49,0.11,8.33,1.17,-1.5,-20.95,-22.57,False
1,13,momentum_90,90-Day Absolute Momentum,momentum,2229,47,2.11,208,208,2,0.009615384615384616,0.96,0.26,3.44,0.11,8.22,1.1,-1.61,-17.28,-22.57,False
1,14,vol_contraction_trend,Volatility Contraction Trend,risk,652,11,1.69,111,111,1,0.009009009009009009,0.9,0.16,4.93,0.05,13.1,1.12,-1.12,-14.14,-16.13,False
1,15,trend,SMA 50/200 + Momentum,trend,1099,17,1.55,183,183,1,0.00546448087431694,0.55,0.1,3.03,0.03,8.33,0.95,-1.86,-17.28,-22.57,False
1,16,momentum_composite,Composite Momentum,momentum,603,14,2.32,197,197,1,0.005076142131979695,0.51,0.09,2.82,0.03,7.78,0.92,-1.93,-17.28,-22.57,False
1,17,trend_ema100_200,EMA 100/200,trend,2271,38,1.67,202,202,1,0.0049504950495049506,0.5,0.09,2.75,0.03,7.6,1.05,-1.51,-17.28,-22.57,False
1,18,momentum_365,365-Day Absolute Momentum,momentum,2528,59,2.33,206,206,1,0.0048543689320388345,0.49,0.09,2.7,0.03,7.46,1.19,-1.54,-20.95,-22.57,False
1,19,trend_ema50_200,EMA 50/200,trend,2295,40,1.74,204,204,1,0.004901960784313725,0.49,0.09,2.72,0.03,7.53,1.05,-1.51,-17.28,-22.57,False
1,20,momentum_dual_180_365,Dual Momentum 180/365,momentum,2187,36,1.65,203,203,1,0.0049261083743842365,0.49,0.09,2.74,0.03,7.56,1.08,-1.49,-17.28,-22.57,False
1,21,trend_price_sma100,Price above SMA 100,trend,2225,37,1.66,208,208,1,0.004807692307692308,0.48,0.08,2.67,0.03,7.39,1.1,-1.59,-17.28,-22.57,False
1,22,momentum_180,180-Day Absolute Momentum,momentum,2378,40,1.68,207,207,1,0.004830917874396135,0.48,0.09,2.69,0.03,7.43,1.14,-1.44,-17.28,-22.57,False
1,23,trend_price_sma200,Price above SMA 200,trend,2352,45,1.91,206,206,0,0.0,0.0,0.0,1.83,0.0,6.58,1.09,-1.45,-17.28,-22.57,False
1,24,low_vol_trend,Low-Volatility Trend,risk,1254,14,1.12,205,205,0,0.0,0.0,0.0,1.84,0.0,6.61,1.06,-1.29,-14.14,-15.97,False
1,25,trend_sma100_200,SMA 100/200,trend,2061,41,1.99,204,204,0,0.0,0.0,0.0,1.85,0.0,6.64,1.01,-1.55,-17.28,-22.57,False
1,26,momentum_dual_90_180,Dual Momentum 90/180,momentum,2033,31,1.52,200,200,0,0.0,0.0,0.0,1.88,0.0,6.77,1.07,-1.51,-17.28,-22.57,False
1,27,trend_triple_ma,Triple Moving Average,trend,1259,13,1.03,182,182,0,0.0,0.0,0.0,2.07,0.0,7.39,0.87,-1.66,-17.28,-22.57,False
1,28,breadth_trend,Broad-Market Trend,risk,2166,36,1.66,167,167,0,0.0,0.0,0.0,2.25,0.0,8.0,1.06,-1.44,-13.09,-18.42,False
1,29,trend_breakout_100,100-Day Range Breakout,trend,349,4,1.15,105,105,0,0.0,0.0,0.0,3.53,0.0,12.15,0.63,-2.26,-10.4,-15.03,False
1,30,trend_breakout_200,200-Day Range Breakout,trend,301,3,1.0,90,90,0,0.0,0.0,0.0,4.09,0.0,13.89,0.63,-2.32,-10.4,-15.03,False
2,1,drawdown_recovery_30,30% Drawdown Recovery,reversal,95,24,25.26,27,27,5,0.18518518518518517,18.52,8.18,36.7,4.06,55.0,5.48,-0.27,-32.97,-39.34,False
2,2,drawdown_recovery_40,40% Drawdown Recovery,reversal,47,10,21.28,12,12,2,0.16666666666666666,16.67,4.7,44.8,1.85,67.98,5.55,2.85,-32.97,-35.58,False
2,3,drawdown_recovery_20,20% Drawdown Recovery,reversal,183,31,16.94,38,38,4,0.10526315789473684,10.53,4.17,24.13,1.96,40.92,3.98,-0.84,-32.97,-40.06,False
2,4,rsi28_recovery,RSI 28 Recovery,reversal,266,33,12.41,60,60,6,0.1,10.0,4.66,20.15,2.43,33.16,2.22,-1.59,-45.68,-45.58,False
2,5,drawdown_recovery,25% Drawdown Recovery,reversal,58,12,20.69,15,15,1,0.06666666666666667,6.67,1.19,29.82,0.41,55.55,4.16,0.83,-24.56,-27.0,False
2,6,buy_hold,Buy & Hold Benchmark,benchmark,1582,156,9.86,113,113,7,0.061946902654867256,6.19,3.03,12.24,1.64,20.72,1.97,-2.0,-39.21,-56.43,False
2,7,momentum_rank_365,Top Relative Momentum 365,momentum,380,42,11.05,105,105,6,0.05714285714285714,5.71,2.64,11.91,1.38,20.81,2.02,-3.04,-33.13,-44.97,False
2,8,momentum_composite,Composite Momentum,momentum,389,33,8.48,105,105,6,0.05714285714285714,5.71,2.64,11.91,1.38,20.81,2.0,-2.89,-21.04,-36.07,False
2,9,momentum_rank_90,Top Relative Momentum 90,momentum,419,47,11.22,107,107,6,0.056074766355140186,5.61,2.6,11.7,1.35,20.47,1.97,-2.79,-21.04,-31.15,False
2,10,momentum_365,365-Day Absolute Momentum,momentum,1350,105,7.78,105,105,4,0.0380952380952381,3.81,1.49,9.39,0.7,18.14,1.78,-2.13,-33.13,-44.97,False
2,11,momentum,Top Relative Momentum 180,momentum,403,37,9.18,106,106,4,0.03773584905660377,3.77,1.48,9.3,0.7,17.99,2.14,-2.78,-27.07,-40.06,False
2,12,momentum_270,270-Day Absolute Momentum,momentum,1325,108,8.15,107,107,4,0.037383177570093455,3.74,1.46,9.22,0.69,17.84,1.93,-1.91,-33.13,-44.97,False
2,13,trend_ema100_200,EMA 100/200,trend,1262,86,6.81,107,107,4,0.037383177570093455,3.74,1.46,9.22,0.69,17.84,1.77,-1.9,-29.74,-42.86,False
2,14,trend_ema50_200,EMA 50/200,trend,1272,80,6.29,109,109,4,0.03669724770642202,3.67,1.44,9.06,0.68,17.55,1.87,-1.83,-29.74,-42.86,False
2,15,trend_sma100_200,SMA 100/200,trend,1155,73,6.32,109,109,4,0.03669724770642202,3.67,1.44,9.06,0.68,17.55,1.87,-1.87,-29.74,-42.86,False
2,16,trend_price_sma200,Price above SMA 200,trend,1320,88,6.67,110,110,4,0.03636363636363636,3.64,1.42,8.98,0.67,17.41,2.02,-1.72,-30.44,-42.86,False
2,17,momentum_90,90-Day Absolute Momentum,momentum,1267,89,7.02,110,110,4,0.03636363636363636,3.64,1.42,8.98,0.67,17.41,1.9,-1.81,-29.74,-42.86,False
2,18,rsi14_recovery,RSI 14 Recovery,reversal,483,39,8.07,90,90,3,0.03333333333333333,3.33,1.14,9.35,0.5,19.13,2.24,-1.81,-45.68,-45.58,False
2,19,breadth_trend,Broad-Market Trend,risk,1244,85,6.83,94,94,3,0.031914893617021274,3.19,1.09,8.97,0.48,18.43,2.11,-1.39,-30.44,-42.86,False
2,20,trend_triple_ma,Triple Moving Average,trend,851,35,4.11,100,100,3,0.03,3.0,1.03,8.45,0.45,17.47,1.44,-1.89,-21.04,-26.04,False
2,21,trend,SMA 50/200 + Momentum,trend,708,45,6.36,102,102,3,0.029411764705882353,2.94,1.01,8.29,0.44,17.17,1.8,-1.67,-22.51,-36.7,False
2,22,trend_breakout_200,200-Day Range Breakout,trend,267,9,3.37,68,68,2,0.029411764705882353,2.94,0.81,10.1,0.32,22.12,1.4,-1.48,-11.68,-16.45,False
2,23,vol_contraction_trend,Volatility Contraction Trend,risk,524,38,7.25,72,72,2,0.027777777777777776,2.78,0.77,9.57,0.3,21.1,1.97,-1.49,-24.73,-25.63,False
2,24,trend_breakout_100,100-Day Range Breakout,trend,308,13,4.22,77,77,2,0.025974025974025976,2.6,0.72,8.98,0.28,19.95,1.53,-1.46,-11.68,-16.45,False
2,25,momentum_dual_180_365,Dual Momentum 180/365,momentum,1203,82,6.82,104,104,2,0.019230769230769232,1.92,0.53,6.74,0.21,15.41,1.63,-2.13,-29.74,-42.86,False
2,26,momentum_dual_90_180,Dual Momentum 90/180,momentum,1169,78,6.67,107,107,2,0.018691588785046728,1.87,0.51,6.56,0.2,15.03,1.75,-1.89,-29.74,-42.86,False
2,27,momentum_180,180-Day Absolute Momentum,momentum,1315,100,7.6,108,108,2,0.018518518518518517,1.85,0.51,6.5,0.2,14.91,1.92,-1.83,-30.44,-42.86,False
2,28,trend_price_sma100,Price above SMA 100,trend,1301,82,6.3,109,109,2,0.01834862385321101,1.83,0.5,6.44,0.2,14.79,1.93,-1.83,-29.74,-42.86,False
2,29,bollinger_recovery,Bollinger Recovery,reversal,328,27,8.23,69,69,1,0.014492753623188406,1.45,0.26,7.76,0.09,19.69,2.54,-1.19,-45.68,-45.58,False
2,30,low_vol_trend,Low-Volatility Trend,risk,731,24,3.28,108,108,0,0.0,0.0,0.0,3.43,0.0,11.85,1.81,-1.39,-20.4,-36.7,False
3,1,drawdown_recovery_40,40% Drawdown Recovery,reversal,42,14,33.33,10,10,5,0.5,50.0,23.66,76.34,11.53,88.47,5.7,0.1,-17.47,-37.61,False
3,2,drawdown_recovery,25% Drawdown Recovery,reversal,55,24,43.64,13,13,4,0.3076923076923077,30.77,12.68,57.63,5.89,75.94,8.58,1.14,-14.85,-29.74,False
3,3,drawdown_recovery_30,30% Drawdown Recovery,reversal,78,27,34.62,21,21,6,0.2857142857142857,28.57,13.81,49.96,7.15,67.51,6.26,-0.4,-36.95,-48.22,False
3,4,drawdown_recovery_20,20% Drawdown Recovery,reversal,161,43,26.71,29,29,3,0.10344827586206896,10.34,3.58,26.39,1.56,45.58,5.24,-1.54,-40.08,-48.52,False
3,5,trend_breakout_100,100-Day Range Breakout,trend,279,28,10.04,59,59,6,0.1016949152542373,10.17,4.74,20.46,2.47,33.6,3.11,-1.11,-27.69,-36.86,False
3,6,momentum_rank_90,Top Relative Momentum 90,momentum,353,49,13.88,80,80,8,0.1,10.0,5.15,18.51,2.88,29.41,2.14,-2.83,-35.07,-46.32,False
3,7,rsi28_recovery,RSI 28 Recovery,reversal,259,48,18.53,52,52,5,0.09615384615384616,9.62,4.18,20.61,2.08,34.78,4.13,-0.33,-42.96,-51.18,False
3,8,rsi14_recovery,RSI 14 Recovery,reversal,440,66,15.0,70,70,6,0.08571428571428572,8.57,3.99,17.47,2.08,29.3,3.63,-0.7,-24.72,-51.18,False
3,9,bollinger_recovery,Bollinger Recovery,reversal,317,51,16.09,59,59,5,0.0847457627118644,8.47,3.67,18.35,1.83,31.52,3.83,-0.18,-25.81,-51.18,False
3,10,buy_hold,Buy & Hold Benchmark,benchmark,1218,178,14.61,87,87,7,0.08045977011494253,8.05,3.95,15.69,2.14,25.95,3.44,-1.02,-47.06,-58.2,False
3,11,momentum_composite,Composite Momentum,momentum,304,48,15.79,80,80,6,0.075,7.5,3.48,15.41,1.81,26.24,3.2,-2.39,-35.07,-46.32,False
3,12,momentum_365,365-Day Absolute Momentum,momentum,1025,133,12.98,81,81,6,0.07407407407407407,7.41,3.44,15.23,1.79,25.97,3.41,-0.96,-42.96,-48.39,False
3,13,momentum,Top Relative Momentum 180,momentum,321,50,15.58,82,82,6,0.07317073170731707,7.32,3.4,15.06,1.77,25.7,3.59,-1.6,-40.08,-48.52,False
3,14,momentum_rank_365,Top Relative Momentum 365,momentum,303,40,13.2,82,82,6,0.07317073170731707,7.32,3.4,15.06,1.77,25.7,3.32,-2.75,-42.96,-48.39,False
3,15,momentum_90,90-Day Absolute Momentum,momentum,991,138,13.93,84,84,6,0.07142857142857142,7.14,3.31,14.72,1.73,25.19,3.18,-0.89,-49.22,-60.6,False
3,16,vol_contraction_trend,Volatility Contraction Trend,risk,442,62,14.03,58,58,4,0.06896551724137931,6.9,2.71,16.43,1.28,29.77,3.71,-0.81,-49.22,-60.6,False
3,17,trend_breakout_200,200-Day Range Breakout,trend,240,18,7.5,51,51,3,0.058823529411764705,5.88,2.02,15.92,0.89,30.43,3.08,-0.94,-27.69,-36.86,False
3,18,trend_ema100_200,EMA 100/200,trend,956,119,12.45,82,82,4,0.04878048780487805,4.88,1.91,11.88,0.9,22.43,3.19,-0.85,-30.78,-42.86,False
3,19,momentum_dual_90_180,Dual Momentum 90/180,momentum,904,110,12.17,82,82,4,0.04878048780487805,4.88,1.91,11.88,0.9,22.43,3.13,-1.21,-30.78,-42.86,False
3,20,momentum_180,180-Day Absolute Momentum,momentum,997,133,13.34,83,83,4,0.04819277108433735,4.82,1.89,11.75,0.89,22.2,3.52,-0.91,-34.34,-46.71,False
3,21,breadth_trend,Broad-Market Trend,risk,948,125,13.19,72,72,3,0.041666666666666664,4.17,1.43,11.55,0.63,23.09,3.17,-1.21,-49.22,-60.6,False
3,22,trend_triple_ma,Triple Moving Average,trend,690,60,8.7,76,76,3,0.039473684210526314,3.95,1.35,10.97,0.59,22.07,3.01,-0.91,-30.78,-42.33,False
3,23,trend,SMA 50/200 + Momentum,trend,554,64,11.55,76,76,3,0.039473684210526314,3.95,1.35,10.97,0.59,22.07,2.98,-1.95,-27.03,-42.86,False
3,24,trend_sma100_200,SMA 100/200,trend,895,108,12.07,82,82,3,0.036585365853658534,3.66,1.25,10.21,0.55,20.71,3.36,-1.06,-40.08,-48.52,False
3,25,trend_price_sma100,Price above SMA 100,trend,991,131,13.22,83,83,3,0.03614457831325301,3.61,1.24,10.1,0.54,20.5,3.18,-1.57,-49.22,-60.6,False
3,26,low_vol_trend,Low-Volatility Trend,risk,565,56,9.91,83,83,3,0.03614457831325301,3.61,1.24,10.1,0.54,20.5,2.78,-0.83,-25.63,-36.7,False
3,27,trend_price_sma200,Price above SMA 200,trend,1006,128,12.72,85,85,3,0.03529411764705882,3.53,1.21,9.87,0.53,20.09,3.56,-0.86,-49.22,-60.6,False
3,28,momentum_dual_180_365,Dual Momentum 180/365,momentum,914,109,11.93,80,80,2,0.025,2.5,0.69,8.66,0.27,19.32,3.19,-1.45,-34.34,-46.71,False
3,29,trend_ema50_200,EMA 50/200,trend,967,114,11.79,83,83,2,0.024096385542168676,2.41,0.66,8.37,0.26,18.72,3.18,-1.15,-30.78,-42.86,False
3,30,momentum_270,270-Day Absolute Momentum,momentum,1007,132,13.11,83,83,1,0.012048192771084338,1.2,0.21,6.51,0.07,16.86,3.52,-0.91,-42.96,-48.39,False
4,1,drawdown_recovery,25% Drawdown Recovery,reversal,51,29,56.86,13,13,5,0.38461538461538464,38.46,17.71,64.48,8.69,80.41,11.2,-0.52,-11.54,-29.74,False
4,2,drawdown_recovery_40,40% Drawdown Recovery,reversal,34,14,41.18,8,8,3,0.375,37.5,13.68,69.43,5.86,85.26,9.53,1.05,-12.59,-37.61,False
4,3,drawdown_recovery_20,20% Drawdown Recovery,reversal,139,50,35.97,24,24,7,0.2916666666666667,29.17,14.91,49.17,8.03,66.01,6.36,-1.22,-31.43,-48.52,False
4,4,momentum,Top Relative Momentum 180,momentum,263,66,25.1,58,58,14,0.2413793103448276,24.14,14.96,36.53,9.48,49.15,4.27,-0.64,-31.43,-48.52,False
4,5,drawdown_recovery_30,30% Drawdown Recovery,reversal,71,30,42.25,18,18,4,0.2222222222222222,22.22,9.0,45.22,4.2,65.04,9.33,0.46,-26.46,-48.22,False
4,6,rsi28_recovery,RSI 28 Recovery,reversal,244,62,25.41,42,42,9,0.21428571428571427,21.43,11.71,35.94,6.71,50.82,4.96,0.41,-38.17,-51.18,False
4,7,rsi14_recovery,RSI 14 Recovery,reversal,393,82,20.87,52,52,9,0.17307692307692307,17.31,9.38,29.73,5.38,43.5,4.34,-0.55,-25.2,-51.18,False
4,8,momentum_180,180-Day Absolute Momentum,momentum,747,159,21.29,61,61,9,0.14754098360655737,14.75,7.96,25.72,4.57,38.49,4.06,-0.83,-46.34,-50.03,False
4,9,momentum_rank_365,Top Relative Momentum 365,momentum,241,49,20.33,59,59,8,0.13559322033898305,13.56,7.03,24.54,3.93,37.58,4.86,-0.71,-31.84,-33.96,False
4,10,momentum_rank_90,Top Relative Momentum 90,momentum,291,71,24.4,59,59,8,0.13559322033898305,13.56,7.03,24.54,3.93,37.58,4.47,-1.91,-41.13,-48.72,False
4,11,bollinger_recovery,Bollinger Recovery,reversal,292,64,21.92,47,47,6,0.1276595744680851,12.77,5.98,25.17,3.11,39.99,4.6,0.7,-25.21,-51.18,False
4,12,vol_contraction_trend,Volatility Contraction Trend,risk,412,77,18.69,47,47,6,0.1276595744680851,12.77,5.98,25.17,3.11,39.99,4.47,-1.24,-37.51,-60.6,False
4,13,momentum_composite,Composite Momentum,momentum,251,57,22.71,56,56,7,0.125,12.5,6.19,23.63,3.35,37.1,3.71,-2.42,-39.51,-47.51,False
4,14,trend_triple_ma,Triple Moving Average,trend,547,104,19.01,57,57,7,0.12280701754385964,12.28,6.08,23.25,3.29,36.59,4.1,-0.75,-32.38,-42.33,False
4,15,trend_sma100_200,SMA 100/200,trend,656,124,18.9,60,60,7,0.11666666666666667,11.67,5.77,22.18,3.12,35.15,4.61,-0.48,-31.43,-48.52,False
4,16,momentum_270,270-Day Absolute Momentum,momentum,753,142,18.86,60,60,7,0.11666666666666667,11.67,5.77,22.18,3.12,35.15,4.16,-0.61,-32.38,-42.86,False
4,17,trend_price_sma200,Price above SMA 200,trend,766,151,19.71,61,61,7,0.11475409836065574,11.48,5.67,21.84,3.07,34.7,4.51,-0.72,-37.51,-60.6,False
4,18,momentum_dual_90_180,Dual Momentum 90/180,momentum,707,138,19.52,61,61,7,0.11475409836065574,11.48,5.67,21.84,3.07,34.7,3.75,-0.83,-39.51,-47.51,False
4,19,breadth_trend,Broad-Market Trend,risk,738,138,18.7,56,56,6,0.10714285714285714,10.71,5.0,21.47,2.6,35.0,4.32,-0.66,-37.51,-60.6,False
4,20,momentum_365,365-Day Absolute Momentum,momentum,753,138,18.33,59,59,6,0.1016949152542373,10.17,4.74,20.46,2.47,33.6,3.63,-1.12,-32.3,-42.86,False
4,21,trend_ema50_200,EMA 50/200,trend,727,131,18.02,60,60,6,0.1,10.0,4.66,20.15,2.43,33.16,4.25,-1.05,-30.34,-42.86,False
4,22,trend_price_sma100,Price above SMA 100,trend,767,150,19.56,61,61,6,0.09836065573770492,9.84,4.59,19.84,2.39,32.73,4.25,-0.72,-37.51,-60.6,False
4,23,buy_hold,Buy & Hold Benchmark,benchmark,868,158,18.2,62,62,6,0.0967741935483871,9.68,4.51,19.55,2.35,32.31,4.0,-0.51,-59.55,-61.62,False
4,24,trend_breakout_100,100-Day Range Breakout,trend,255,48,18.82,47,47,4,0.0851063829787234,8.51,3.36,19.93,1.58,35.02,4.41,-0.48,-25.61,-36.86,False
4,25,trend_ema100_200,EMA 100/200,trend,717,128,17.85,59,59,5,0.0847457627118644,8.47,3.67,18.35,1.83,31.52,4.24,-0.76,-30.34,-42.86,False
4,26,momentum_dual_180_365,Dual Momentum 180/365,momentum,690,131,18.99,59,59,5,0.0847457627118644,8.47,3.67,18.35,1.83,31.52,3.51,-1.36,-46.34,-50.03,False
4,27,low_vol_trend,Low-Volatility Trend,risk,436,60,13.76,60,60,5,0.08333333333333333,8.33,3.61,18.07,1.8,31.1,4.07,-0.07,-16.61,-36.7,False
4,28,momentum_90,90-Day Absolute Momentum,momentum,754,154,20.42,61,61,5,0.08196721311475409,8.2,3.55,17.79,1.77,30.7,4.49,-0.87,-39.51,-60.6,False
4,29,trend,SMA 50/200 + Momentum,trend,455,83,18.24,54,54,4,0.07407407407407407,7.41,2.92,17.55,1.37,31.49,3.75,-1.66,-30.34,-36.7,False
4,30,trend_breakout_200,200-Day Range Breakout,trend,219,34,15.53,40,40,1,0.025,2.5,0.44,12.88,0.15,30.15,4.41,-0.28,-21.0,-36.86,False
5,1,drawdown_recovery_20,20% Drawdown Recovery,reversal,124,57,45.97,21,21,12,0.5714285714285714,57.14,36.55,75.53,22.45,86.0,9.03,-1.6,-38.0,-48.22,False
5,2,drawdown_recovery_40,40% Drawdown Recovery,reversal,32,17,53.12,7,7,4,0.5714285714285714,57.14,25.05,84.18,11.39,93.26,12.69,4.15,-14.09,-37.61,False
5,3,drawdown_recovery,25% Drawdown Recovery,reversal,50,28,56.0,11,11,6,0.5454545454545454,54.55,28.01,78.73,14.31,89.61,15.11,2.05,-21.26,-34.2,False
5,4,drawdown_recovery_30,30% Drawdown Recovery,reversal,62,34,54.84,16,16,8,0.5,50.0,28.0,72.0,15.51,84.49,11.1,-0.22,-38.0,-48.22,False
5,5,buy_hold,Buy & Hold Benchmark,benchmark,714,221,30.95,51,51,14,0.27450980392156865,27.45,17.11,40.95,10.85,54.04,5.25,-0.57,-56.51,-63.5,False
5,6,momentum_rank_90,Top Relative Momentum 90,momentum,268,76,28.36,49,49,12,0.24489795918367346,24.49,14.6,38.09,8.95,51.69,5.29,-0.99,-42.18,-54.01,False
5,7,breadth_trend,Broad-Market Trend,risk,601,163,27.12,45,45,11,0.24444444444444444,24.44,14.24,38.67,8.56,52.8,5.2,-0.69,-31.68,-60.6,False
5,8,rsi14_recovery,RSI 14 Recovery,reversal,348,111,31.9,43,43,10,0.23255813953488372,23.26,13.15,37.74,7.73,52.28,6.43,0.63,-32.13,-51.18,False
5,9,momentum,Top Relative Momentum 180,momentum,228,72,31.58,49,49,11,0.22448979591836735,22.45,13.02,35.88,7.83,49.66,5.95,-0.18,-38.79,-48.52,False
5,10,trend_price_sma100,Price above SMA 100,trend,639,183,28.64,49,49,11,0.22448979591836735,22.45,13.02,35.88,7.83,49.66,5.04,-0.91,-41.07,-60.6,False
5,11,momentum_270,270-Day Absolute Momentum,momentum,615,166,26.99,49,49,11,0.22448979591836735,22.45,13.02,35.88,7.83,49.66,4.75,-0.7,-45.55,-48.39,False
5,12,trend_price_sma200,Price above SMA 200,trend,630,172,27.3,50,50,11,0.22,22.0,12.75,35.24,7.67,48.94,5.11,-0.4,-41.07,-60.6,False
5,13,rsi28_recovery,RSI 28 Recovery,reversal,221,74,33.48,37,37,8,0.21621621621621623,21.62,11.39,37.2,6.35,52.89,6.47,0.45,-45.55,-51.18,False
5,14,momentum_90,90-Day Absolute Momentum,momentum,635,182,28.66,50,50,10,0.2,20.0,11.24,33.04,6.61,46.89,5.41,-0.56,-35.18,-60.6,False
5,15,trend_triple_ma,Triple Moving Average,trend,482,120,24.9,45,45,9,0.2,20.0,10.9,33.82,6.25,48.38,4.81,-1.36,-29.03,-41.07,False
5,16,bollinger_recovery,Bollinger Recovery,reversal,259,77,29.73,40,40,8,0.2,20.0,10.5,34.76,5.86,50.12,5.96,0.54,-31.53,-51.18,False
5,17,vol_contraction_trend,Volatility Contraction Trend,risk,372,105,28.23,40,40,8,0.2,20.0,10.5,34.76,5.86,50.12,5.26,-0.88,-41.07,-60.6,False
5,18,momentum_rank_365,Top Relative Momentum 365,momentum,209,61,29.19,47,47,8,0.1702127659574468,17.02,8.89,30.14,4.96,44.65,4.93,-0.98,-45.55,-48.39,False
5,19,momentum_180,180-Day Absolute Momentum,momentum,623,177,28.41,49,49,8,0.16326530612244897,16.33,8.51,29.04,4.75,43.3,5.58,-0.73,-41.07,-52.93,False
5,20,trend_ema50_200,EMA 50/200,trend,606,158,26.07,49,49,8,0.16326530612244897,16.33,8.51,29.04,4.75,43.3,4.94,0.42,-41.07,-52.93,False
5,21,low_vol_trend,Low-Volatility Trend,risk,364,85,23.35,50,50,8,0.16,16.0,8.34,28.51,4.65,42.65,4.64,0.09,-35.18,-44.28,False
5,22,trend,SMA 50/200 + Momentum,trend,395,100,25.32,45,45,7,0.15555555555555556,15.56,7.75,28.78,4.18,43.73,5.05,-0.13,-41.07,-52.93,False
5,23,momentum_composite,Composite Momentum,momentum,220,61,27.73,45,45,7,0.15555555555555556,15.56,7.75,28.78,4.18,43.73,4.68,-1.55,-33.57,-43.17,False
5,24,momentum_365,365-Day Absolute Momentum,momentum,611,141,23.08,48,48,7,0.14583333333333334,14.58,7.25,27.17,3.92,41.7,4.33,-1.42,-45.55,-48.39,False
5,25,momentum_dual_90_180,Dual Momentum 90/180,momentum,591,156,26.4,49,49,7,0.14285714285714285,14.29,7.1,26.67,3.83,41.06,5.45,-1.18,-41.07,-52.93,False
5,26,trend_ema100_200,EMA 100/200,trend,594,157,26.43,47,47,6,0.1276595744680851,12.77,5.98,25.17,3.11,39.99,4.96,0.02,-41.07,-52.93,False
5,27,trend_breakout_200,200-Day Range Breakout,trend,201,42,20.9,36,36,4,0.1111111111111111,11.11,4.41,25.32,2.07,42.5,5.49,1.58,-25.82,-36.86,False
5,28,trend_sma100_200,SMA 100/200,trend,564,146,25.89,50,50,5,0.1,10.0,4.35,21.36,2.16,35.84,4.91,-0.45,-41.07,-52.93,False
5,29,trend_breakout_100,100-Day Range Breakout,trend,233,56,24.03,40,40,4,0.1,10.0,3.96,23.05,1.86,39.44,5.49,1.14,-33.57,-43.17,False
5,30,momentum_dual_180_365,Dual Momentum 180/365,momentum,570,142,24.91,47,47,4,0.0851063829787234,8.51,3.36,19.93,1.58,35.02,4.7,-1.06,-41.07,-52.93,False
6,1,drawdown_recovery_40,40% Drawdown Recovery,reversal,31,19,61.29,6,6,4,0.6666666666666666,66.67,30.0,90.32,13.5,96.24,12.16,-0.47,-14.81,-39.12,False
6,2,drawdown_recovery,25% Drawdown Recovery,reversal,49,31,63.27,11,11,7,0.6363636363636364,63.64,35.38,84.83,18.77,92.98,16.03,2.04,-14.81,-39.12,False
6,3,drawdown_recovery_30,30% Drawdown Recovery,reversal,56,36,64.29,11,11,7,0.6363636363636364,63.64,35.38,84.83,18.77,92.98,14.43,0.26,-44.47,-51.55,False
6,4,drawdown_recovery_20,20% Drawdown Recovery,reversal,112,58,51.79,18,18,10,0.5555555555555556,55.56,33.72,75.44,19.78,86.37,10.79,-0.08,-44.47,-51.55,False
6,5,buy_hold,Buy & Hold Benchmark,benchmark,602,224,37.21,43,43,17,0.3953488372093023,39.53,26.37,54.42,17.47,66.88,6.68,-0.76,-45.88,-60.6,False
6,6,rsi14_recovery,RSI 14 Recovery,reversal,320,117,36.56,38,38,14,0.3684210526315789,36.84,23.38,52.72,14.86,66.1,7.01,0.38,-26.6,-51.18,False
6,7,rsi28_recovery,RSI 28 Recovery,reversal,216,83,38.43,33,33,12,0.36363636363636365,36.36,22.19,53.38,13.62,67.44,7.43,1.14,-50.76,-60.6,False
6,8,momentum,Top Relative Momentum 180,momentum,200,71,35.5,39,39,14,0.358974358974359,35.9,22.74,51.58,14.45,65.0,7.09,-0.61,-49.52,-54.88,False
6,9,momentum_composite,Composite Momentum,momentum,194,65,33.51,37,37,13,0.35135135135135137,35.14,21.83,51.24,13.64,65.01,6.2,-1.1,-45.88,-54.88,False
6,10,momentum_270,270-Day Absolute Momentum,momentum,515,195,37.86,41,41,14,0.34146341463414637,34.15,21.56,49.45,13.69,62.89,7.69,0.08,-50.76,-52.49,False
6,11,trend_ema100_200,EMA 100/200,trend,504,176,34.92,41,41,14,0.34146341463414637,34.15,21.56,49.45,13.69,62.89,6.41,0.08,-45.88,-54.88,False
6,12,bollinger_recovery,Bollinger Recovery,reversal,249,98,39.36,33,33,11,0.3333333333333333,33.33,19.75,50.39,11.88,64.97,7.36,0.81,-49.32,-60.6,False
6,13,trend_ema50_200,EMA 50/200,trend,512,183,35.74,41,41,13,0.3170731707317073,31.71,19.56,46.98,12.22,60.76,6.28,-0.22,-45.88,-54.88,False
6,14,trend_price_sma100,Price above SMA 100,trend,539,194,35.99,42,42,13,0.30952380952380953,30.95,19.07,46.03,11.91,59.78,6.89,0.17,-43.69,-60.6,False
6,15,momentum_rank_365,Top Relative Momentum 365,momentum,181,69,38.12,40,40,12,0.3,30.0,18.07,45.43,11.09,59.57,7.01,-0.36,-50.76,-52.49,False
6,16,momentum_90,90-Day Absolute Momentum,momentum,526,188,35.74,42,42,12,0.2857142857142857,28.57,17.17,43.57,10.53,57.62,6.65,-0.01,-43.69,-60.6,False
6,17,vol_contraction_trend,Volatility Contraction Trend,risk,342,116,33.92,35,35,10,0.2857142857142857,28.57,16.33,45.06,9.6,60.11,5.94,-0.09,-49.75,-60.6,False
6,18,momentum_rank_90,Top Relative Momentum 90,momentum,243,77,31.69,40,40,11,0.275,27.5,16.11,42.84,9.68,57.3,6.23,-0.85,-43.69,-49.37,False
6,19,momentum_365,365-Day Absolute Momentum,momentum,516,163,31.59,40,40,11,0.275,27.5,16.11,42.84,9.68,57.3,6.18,-0.18,-45.88,-54.88,False
6,20,trend_price_sma200,Price above SMA 200,trend,528,192,36.36,42,42,11,0.2619047619047619,26.19,15.3,41.07,9.2,55.41,6.69,-0.06,-49.75,-60.6,False
6,21,low_vol_trend,Low-Volatility Trend,risk,316,103,32.59,40,40,10,0.25,25.0,14.19,40.19,8.34,54.97,6.4,0.81,-28.33,-36.48,False
6,22,momentum_180,180-Day Absolute Momentum,momentum,514,172,33.46,40,40,10,0.25,25.0,14.19,40.19,8.34,54.97,6.18,-0.18,-45.88,-54.88,False
6,23,momentum_dual_180_365,Dual Momentum 180/365,momentum,477,141,29.56,40,40,10,0.25,25.0,14.19,40.19,8.34,54.97,6.03,-0.17,-45.88,-54.88,False
6,24,momentum_dual_90_180,Dual Momentum 90/180,momentum,489,162,33.13,40,40,10,0.25,25.0,14.19,40.19,8.34,54.97,5.9,-0.99,-49.75,-55.86,False
6,25,trend,SMA 50/200 + Momentum,trend,341,104,30.5,37,37,9,0.24324324324324326,24.32,13.36,40.12,7.66,55.46,6.08,-0.36,-49.75,-55.86,False
6,26,breadth_trend,Broad-Market Trend,risk,508,168,33.07,38,38,9,0.23684210526315788,23.68,12.99,39.21,7.45,54.47,6.17,-0.69,-36.09,-60.6,False
6,27,trend_sma100_200,SMA 100/200,trend,475,146,30.74,40,40,9,0.225,22.5,12.32,37.5,7.06,52.58,6.19,-0.38,-49.52,-53.46,False
6,28,trend_triple_ma,Triple Moving Average,trend,425,134,31.53,38,38,8,0.21052631578947367,21.05,11.07,36.35,6.18,51.93,5.14,-0.41,-28.43,-42.86,False
6,29,trend_breakout_100,100-Day Range Breakout,trend,221,63,28.51,33,33,5,0.15151515151515152,15.15,6.65,30.92,3.3,48.3,5.43,-0.05,-43.69,-49.37,False
6,30,trend_breakout_200,200-Day Range Breakout,trend,194,47,24.23,30,30,4,0.13333333333333333,13.33,5.31,29.68,2.49,48.09,5.51,0.07,-27.46,-36.86,False
7,1,drawdown_recovery_40,40% Drawdown Recovery,reversal,28,21,75.0,6,6,5,0.8333333333333334,83.33,43.65,96.99,20.52,98.98,14.56,10.64,-2.59,-39.12,False
7,2,drawdown_recovery,25% Drawdown Recovery,reversal,49,34,69.39,11,11,6,0.5454545454545454,54.55,28.01,78.73,14.31,89.61,21.92,7.42,-12.15,-39.12,False
7,3,rsi14_recovery,RSI 14 Recovery,reversal,297,133,44.78,32,32,15,0.46875,46.88,30.87,63.55,19.96,75.74,8.84,1.84,-25.96,-51.18,False
7,4,drawdown_recovery_20,20% Drawdown Recovery,reversal,109,56,51.38,18,18,8,0.4444444444444444,44.44,24.56,66.28,13.63,80.22,11.07,3.21,-61.05,-65.49,False
7,5,momentum_365,365-Day Absolute Momentum,momentum,465,174,37.42,35,35,15,0.42857142857142855,42.86,27.98,59.14,18.07,71.83,6.62,0.1,-49.13,-56.36,False
7,6,drawdown_recovery_30,30% Drawdown Recovery,reversal,52,34,65.38,12,12,5,0.4166666666666667,41.67,19.33,68.05,9.47,82.99,14.25,5.29,-61.05,-65.49,False
7,7,momentum,Top Relative Momentum 180,momentum,190,86,45.26,34,34,14,0.4117647058823529,41.18,26.37,57.78,16.77,70.87,7.75,-0.9,-49.13,-56.36,False
7,8,trend_price_sma200,Price above SMA 200,trend,477,191,40.04,36,36,14,0.3888888888888889,38.89,24.78,55.14,15.75,68.41,7.67,0.18,-49.13,-60.6,False
7,9,rsi28_recovery,RSI 28 Recovery,reversal,197,90,45.69,31,31,12,0.3870967741935484,38.71,23.73,56.18,14.57,70.05,9.18,2.53,-34.19,-60.6,False
7,10,breadth_trend,Broad-Market Trend,risk,462,188,40.69,34,34,13,0.38235294117647056,38.24,23.9,54.96,14.94,68.57,7.75,0.02,-38.29,-60.6,False
7,11,vol_contraction_trend,Volatility Contraction Trend,risk,309,120,38.83,32,32,12,0.375,37.5,22.93,54.75,14.08,68.73,7.59,0.91,-45.52,-60.6,False
7,12,momentum_rank_365,Top Relative Momentum 365,momentum,168,69,41.07,35,35,13,0.37142857142857144,37.14,23.17,53.66,14.48,67.34,7.85,-0.64,-37.16,-52.49,False
7,13,buy_hold,Buy & Hold Benchmark,benchmark,518,206,39.77,37,37,13,0.35135135135135137,35.14,21.83,51.24,13.64,65.01,7.45,-0.33,-53.93,-72.08,False
7,14,momentum_90,90-Day Absolute Momentum,momentum,476,195,40.97,35,35,12,0.34285714285714286,34.29,20.83,50.85,12.78,65.0,7.87,-0.13,-49.13,-60.6,False
7,15,momentum_dual_180_365,Dual Momentum 180/365,momentum,439,155,35.31,35,35,12,0.34285714285714286,34.29,20.83,50.85,12.78,65.0,5.97,-0.14,-45.52,-55.86,False
7,16,momentum_rank_90,Top Relative Momentum 90,momentum,230,89,38.7,36,36,12,0.3333333333333333,33.33,20.21,49.67,12.4,63.84,7.41,0.36,-47.87,-55.53,False
7,17,trend_sma100_200,SMA 100/200,trend,437,163,37.3,36,36,12,0.3333333333333333,33.33,20.21,49.67,12.4,63.84,7.33,1.41,-45.52,-55.86,False
7,18,momentum_270,270-Day Absolute Momentum,momentum,456,186,40.79,36,36,12,0.3333333333333333,33.33,20.21,49.67,12.4,63.84,7.29,-0.01,-44.73,-52.49,False
7,19,trend_ema100_200,EMA 100/200,trend,447,171,38.26,36,36,12,0.3333333333333333,33.33,20.21,49.67,12.4,63.84,6.92,-0.17,-43.58,-55.53,False
7,20,momentum_composite,Composite Momentum,momentum,177,73,41.24,34,34,11,0.3235294117647059,32.35,19.13,49.16,11.5,63.76,7.23,-0.42,-49.13,-56.36,False
7,21,bollinger_recovery,Bollinger Recovery,reversal,228,91,39.91,31,31,10,0.3225806451612903,32.26,18.57,49.86,10.92,64.92,7.51,1.14,-34.19,-60.6,False
7,22,trend_price_sma100,Price above SMA 100,trend,488,191,39.14,36,36,11,0.3055555555555556,30.56,18.0,46.86,10.83,61.46,7.56,-0.06,-49.13,-60.6,False
7,23,trend_ema50_200,EMA 50/200,trend,458,172,37.55,36,36,11,0.3055555555555556,30.56,18.0,46.86,10.83,61.46,7.22,0.44,-49.13,-56.36,False
7,24,trend_triple_ma,Triple Moving Average,trend,379,146,38.52,34,34,10,0.29411764705882354,29.41,16.83,46.17,9.9,61.25,7.0,0.98,-43.58,-55.53,False
7,25,momentum_dual_90_180,Dual Momentum 90/180,momentum,445,165,37.08,36,36,10,0.2777777777777778,27.78,15.85,43.99,9.32,59.01,6.67,0.1,-44.81,-55.53,False
7,26,trend,SMA 50/200 + Momentum,trend,315,117,37.14,35,35,9,0.2571428571428571,25.71,14.16,42.07,8.12,57.55,7.04,0.66,-45.52,-55.86,False
7,27,low_vol_trend,Low-Volatility Trend,risk,283,104,36.75,36,36,9,0.25,25.0,13.75,41.07,7.89,56.48,7.21,0.38,-18.42,-36.7,False
7,28,momentum_180,180-Day Absolute Momentum,momentum,470,181,38.51,36,36,9,0.25,25.0,13.75,41.07,7.89,56.48,7.12,0.57,-45.52,-55.86,False
7,29,trend_breakout_200,200-Day Range Breakout,trend,184,69,37.5,27,27,6,0.2222222222222222,22.22,10.61,40.76,5.5,58.37,7.67,1.49,-22.92,-36.86,False
7,30,trend_breakout_100,100-Day Range Breakout,trend,211,82,38.86,31,31,6,0.1935483870967742,19.35,9.19,36.28,4.77,53.49,7.19,1.63,-37.11,-49.37,False
8,1,drawdown_recovery_40,40% Drawdown Recovery,reversal,22,16,72.73,6,6,5,0.8333333333333334,83.33,43.65,96.99,20.52,98.98,19.04,9.72,-1.33,-39.12,False
8,2,drawdown_recovery,25% Drawdown Recovery,reversal,48,35,72.92,10,10,7,0.7,70.0,39.68,89.22,20.96,95.36,23.59,8.94,-8.84,-39.12,False
8,3,drawdown_recovery_20,20% Drawdown Recovery,reversal,104,60,57.69,16,16,9,0.5625,56.25,33.18,76.9,18.93,87.62,12.19,4.52,-53.07,-65.49,False
8,4,rsi28_recovery,RSI 28 Recovery,reversal,185,90,48.65,25,25,14,0.56,56.0,37.07,73.33,23.63,83.96,9.57,3.29,-37.16,-54.53,False
8,5,drawdown_recovery_30,30% Drawdown Recovery,reversal,51,32,62.75,11,11,6,0.5454545454545454,54.55,28.01,78.73,14.31,89.61,16.1,7.05,-53.07,-65.49,False
8,6,momentum_composite,Composite Momentum,momentum,161,73,45.34,29,29,15,0.5172413793103449,51.72,34.43,68.61,22.28,80.02,8.4,0.16,-52.03,-55.86,False
8,7,bollinger_recovery,Bollinger Recovery,reversal,213,86,40.38,26,26,12,0.46153846153846156,46.15,28.76,64.54,17.66,77.4,7.9,1.2,-32.16,-60.6,False
8,8,buy_hold,Buy & Hold Benchmark,benchmark,462,215,46.54,33,33,15,0.45454545454545453,45.45,29.84,62.01,19.29,74.4,9.04,1.33,-44.21,-72.08,False
8,9,momentum_365,365-Day Absolute Momentum,momentum,402,177,44.03,31,31,14,0.45161290322580644,45.16,29.16,62.23,18.56,74.85,8.43,2.06,-52.03,-55.86,False
8,10,trend_price_sma100,Price above SMA 100,trend,423,193,45.63,32,32,14,0.4375,43.75,28.17,60.67,17.92,73.48,8.54,0.93,-46.76,-60.6,False
8,11,trend_breakout_200,200-Day Range Breakout,trend,172,84,48.84,23,23,10,0.43478260869565216,43.48,25.63,63.19,15.06,76.94,9.84,3.02,-29.85,-36.86,False
8,12,momentum_rank_90,Top Relative Momentum 90,momentum,211,99,46.92,30,30,13,0.43333333333333335,43.33,27.38,60.8,17.13,73.89,8.97,1.26,-48.44,-56.36,False
8,13,momentum_180,180-Day Absolute Momentum,momentum,405,187,46.17,31,31,13,0.41935483870967744,41.94,26.42,59.23,16.52,72.49,9.17,2.82,-52.03,-55.86,False
8,14,momentum_90,90-Day Absolute Momentum,momentum,419,194,46.3,31,31,13,0.41935483870967744,41.94,26.42,59.23,16.52,72.49,9.0,1.83,-46.76,-60.6,False
8,15,trend_triple_ma,Triple Moving Average,trend,340,149,43.82,30,30,12,0.4,40.0,24.59,57.68,15.1,71.43,8.52,1.69,-52.03,-55.86,False
8,16,momentum_rank_365,Top Relative Momentum 365,momentum,151,64,42.38,30,30,12,0.4,40.0,24.59,57.68,15.1,71.43,7.76,-1.62,-52.03,-55.86,False
8,17,rsi14_recovery,RSI 14 Recovery,reversal,272,121,44.49,28,28,11,0.39285714285714285,39.29,23.57,57.59,14.17,71.72,8.32,2.0,-37.16,-54.53,False
8,18,trend_ema100_200,EMA 100/200,trend,397,178,44.84,31,31,12,0.3870967741935484,38.71,23.73,56.18,14.57,70.05,8.91,1.22,-52.03,-55.86,False
8,19,low_vol_trend,Low-Volatility Trend,risk,253,114,45.06,31,31,12,0.3870967741935484,38.71,23.73,56.18,14.57,70.05,8.75,2.29,-19.57,-36.7,False
8,20,trend_ema50_200,EMA 50/200,trend,402,174,43.28,31,31,12,0.3870967741935484,38.71,23.73,56.18,14.57,70.05,8.7,2.3,-52.03,-55.86,False
8,21,momentum_270,270-Day Absolute Momentum,momentum,402,171,42.54,31,31,12,0.3870967741935484,38.71,23.73,56.18,14.57,70.05,8.14,1.34,-40.4,-52.49,False
8,22,trend_price_sma200,Price above SMA 200,trend,411,188,45.74,32,32,12,0.375,37.5,22.93,54.75,14.08,68.73,8.75,1.91,-52.03,-60.6,False
8,23,vol_contraction_trend,Volatility Contraction Trend,risk,282,131,46.45,28,28,10,0.35714285714285715,35.71,20.71,54.17,12.17,69.01,8.89,2.14,-52.03,-60.6,False
8,24,momentum,Top Relative Momentum 180,momentum,174,85,48.85,31,31,11,0.3548387096774194,35.48,21.12,53.05,12.7,67.53,9.62,-0.55,-44.73,-56.36,False
8,25,trend_sma100_200,SMA 100/200,trend,370,168,45.41,31,31,11,0.3548387096774194,35.48,21.12,53.05,12.7,67.53,8.54,0.81,-52.03,-55.86,False
8,26,momentum_dual_180_365,Dual Momentum 180/365,momentum,377,162,42.97,31,31,11,0.3548387096774194,35.48,21.12,53.05,12.7,67.53,8.38,2.53,-52.03,-55.86,False
8,27,trend_breakout_100,100-Day Range Breakout,trend,196,96,48.98,26,26,9,0.34615384615384615,34.62,19.41,53.78,11.12,69.13,9.9,2.47,-40.4,-49.37,False
8,28,breadth_trend,Broad-Market Trend,risk,392,181,46.17,29,29,10,0.3448275862068966,34.48,19.94,52.66,11.72,67.6,8.71,2.65,-39.86,-60.6,False
8,29,trend,SMA 50/200 + Momentum,trend,285,117,41.05,29,29,10,0.3448275862068966,34.48,19.94,52.66,11.72,67.6,7.34,1.51,-39.69,-55.53,False
8,30,momentum_dual_90_180,Dual Momentum 90/180,momentum,384,169,44.01,31,31,10,0.3225806451612903,32.26,18.57,49.86,10.92,64.92,8.29,1.83,-46.76,-56.36,False
9,1,drawdown_recovery_40,40% Drawdown Recovery,reversal,21,16,76.19,5,5,4,0.8,80.0,37.55,96.38,16.6,98.77,20.38,13.77,-3.49,-39.12,False
9,2,drawdown_recovery,25% Drawdown Recovery,reversal,48,35,72.92,10,10,7,0.7,70.0,39.68,89.22,20.96,95.36,23.38,7.91,-9.84,-39.12,False
9,3,momentum_rank_90,Top Relative Momentum 90,momentum,197,95,48.22,27,27,17,0.6296296296296297,62.96,44.23,78.47,29.52,87.34,9.68,1.02,-45.85,-56.36,False
9,4,rsi28_recovery,RSI 28 Recovery,reversal,181,106,58.56,23,23,14,0.6086956521739131,60.87,40.79,77.84,26.01,87.31,13.22,4.55,-46.4,-56.36,False
9,5,drawdown_recovery_20,20% Drawdown Recovery,reversal,99,63,63.64,15,15,9,0.6,60.0,35.75,80.18,20.38,89.79,14.99,6.97,-65.39,-69.86,False
9,6,momentum_rank_365,Top Relative Momentum 365,momentum,141,64,45.39,27,27,15,0.5555555555555556,55.56,37.31,72.41,24.17,83.06,8.88,1.02,-40.77,-55.53,False
9,7,momentum_365,365-Day Absolute Momentum,momentum,360,180,50.0,28,28,15,0.5357142857142857,53.57,35.81,70.47,23.18,81.52,10.01,1.62,-43.99,-56.36,False
9,8,trend_price_sma200,Price above SMA 200,trend,370,183,49.46,28,28,14,0.5,50.0,32.63,67.37,20.78,79.22,9.82,0.62,-50.46,-60.6,False
9,9,trend_price_sma100,Price above SMA 100,trend,378,177,46.83,29,29,14,0.4827586206896552,48.28,31.39,65.57,19.98,77.72,9.16,1.21,-49.18,-60.6,False
9,10,momentum_90,90-Day Absolute Momentum,momentum,374,172,45.99,29,29,14,0.4827586206896552,48.28,31.39,65.57,19.98,77.72,8.98,1.45,-50.46,-60.6,False
9,11,momentum_composite,Composite Momentum,momentum,151,65,43.05,27,27,13,0.48148148148148145,48.15,30.74,66.01,19.24,78.35,8.86,-0.93,-45.85,-55.53,False
9,12,rsi14_recovery,RSI 14 Recovery,reversal,252,133,52.78,25,25,12,0.48,48.0,30.03,66.5,18.44,79.02,11.67,4.39,-46.4,-56.36,False
9,13,bollinger_recovery,Bollinger Recovery,reversal,197,104,52.79,23,23,11,0.4782608695652174,47.83,29.24,67.04,17.58,79.75,11.03,2.82,-46.06,-60.6,False
9,14,trend_ema100_200,EMA 100/200,trend,358,176,49.16,28,28,13,0.4642857142857143,46.43,29.53,64.19,18.48,76.82,9.7,1.97,-58.09,-57.99,False
9,15,trend,SMA 50/200 + Momentum,trend,263,130,49.43,26,26,12,0.46153846153846156,46.15,28.76,64.54,17.66,77.4,9.95,2.84,-58.07,-59.37,False
9,16,vol_contraction_trend,Volatility Contraction Trend,risk,258,131,50.78,24,24,11,0.4583333333333333,45.83,27.89,64.93,16.77,78.03,10.32,2.03,-58.07,-60.6,False
9,17,drawdown_recovery_30,30% Drawdown Recovery,reversal,44,30,68.18,11,11,5,0.45454545454545453,45.45,21.27,71.99,10.39,85.69,21.17,7.77,-65.39,-69.86,False
9,18,buy_hold,Buy & Hold Benchmark,benchmark,406,194,47.78,29,29,13,0.4482758620689655,44.83,28.41,62.45,17.78,75.33,9.54,1.09,-43.98,-72.08,False
9,19,trend_triple_ma,Triple Moving Average,trend,302,161,53.31,27,27,12,0.4444444444444444,44.44,27.59,62.69,16.94,75.83,10.71,2.36,-50.63,-56.73,False
9,20,momentum,Top Relative Momentum 180,momentum,163,80,49.08,27,27,12,0.4444444444444444,44.44,27.59,62.69,16.94,75.83,9.72,0.22,-50.63,-56.73,False
9,21,trend_ema50_200,EMA 50/200,trend,358,184,51.4,28,28,12,0.42857142857142855,42.86,26.51,60.93,16.28,74.32,10.91,1.9,-58.09,-57.99,False
9,22,low_vol_trend,Low-Volatility Trend,risk,227,115,50.66,28,28,12,0.42857142857142855,42.86,26.51,60.93,16.28,74.32,10.04,1.49,-21.03,-36.7,False
9,23,momentum_270,270-Day Absolute Momentum,momentum,361,164,45.43,29,29,12,0.41379310344827586,41.38,25.51,59.26,15.66,72.85,8.56,2.76,-50.63,-56.73,False
9,24,trend_sma100_200,SMA 100/200,trend,344,166,48.26,27,27,11,0.4074074074074074,40.74,24.51,59.27,14.74,73.21,9.73,0.89,-43.43,-55.53,False
9,25,momentum_dual_90_180,Dual Momentum 90/180,momentum,352,174,49.43,28,28,11,0.39285714285714285,39.29,23.57,57.59,14.17,71.72,9.89,0.38,-40.77,-55.53,False
9,26,momentum_180,180-Day Absolute Momentum,momentum,367,177,48.23,28,28,11,0.39285714285714285,39.29,23.57,57.59,14.17,71.72,9.51,0.65,-45.85,-55.53,False
9,27,breadth_trend,Broad-Market Trend,risk,355,163,45.92,26,26,10,0.38461538461538464,38.46,22.43,57.47,13.18,72.01,8.63,-0.0,-49.18,-60.6,False
9,28,momentum_dual_180_365,Dual Momentum 180/365,momentum,343,169,49.27,27,27,10,0.37037037037037035,37.04,21.53,55.77,12.66,70.48,9.88,1.03,-36.08,-55.53,False
9,29,trend_breakout_100,100-Day Range Breakout,trend,186,90,48.39,25,25,9,0.36,36.0,20.25,55.48,11.6,70.69,9.27,2.5,-50.46,-51.8,False
9,30,trend_breakout_200,200-Day Range Breakout,trend,161,72,44.72,22,22,7,0.3181818181818182,31.82,16.36,52.68,8.8,69.29,8.83,1.52,-20.34,-36.86,False
10,1,drawdown_recovery_40,40% Drawdown Recovery,reversal,20,17,85.0,4,4,3,0.75,75.0,30.06,95.44,12.34,98.46,24.99,14.14,1.4,-39.12,False
10,2,momentum_rank_90,Top Relative Momentum 90,momentum,180,98,54.44,25,25,18,0.72,72.0,52.42,85.72,35.53,92.31,11.18,2.28,-48.87,-56.36,False
10,3,drawdown_recovery_20,20% Drawdown Recovery,reversal,97,67,69.07,14,14,10,0.7142857142857143,71.43,45.35,88.28,26.49,94.55,16.41,7.77,-73.36,-73.44,False
10,4,drawdown_recovery,25% Drawdown Recovery,reversal,47,37,78.72,9,9,6,0.6666666666666666,66.67,35.42,87.94,17.94,94.82,24.62,13.07,-7.14,-39.12,False
10,5,momentum_365,365-Day Absolute Momentum,momentum,329,155,47.11,26,26,16,0.6153846153846154,61.54,42.53,77.57,27.99,86.82,8.81,-0.93,-49.12,-49.82,False
10,6,trend_ema50_200,EMA 50/200,trend,327,171,52.29,25,25,15,0.6,60.0,40.74,76.6,26.41,86.25,10.85,1.66,-34.85,-43.2,False
10,7,buy_hold,Buy & Hold Benchmark,benchmark,378,204,53.97,27,27,16,0.5925925925925926,59.26,40.73,75.49,26.79,85.26,10.97,1.52,-64.22,-69.86,False
10,8,rsi28_recovery,RSI 28 Recovery,reversal,179,104,58.1,21,21,12,0.5714285714285714,57.14,36.55,75.53,22.45,86.0,13.91,2.16,-60.63,-67.52,False
10,9,bollinger_recovery,Bollinger Recovery,reversal,183,102,55.74,21,21,12,0.5714285714285714,57.14,36.55,75.53,22.45,86.0,12.61,2.87,-60.63,-67.52,False
10,10,momentum_rank_365,Top Relative Momentum 365,momentum,128,64,50.0,23,23,13,0.5652173913043478,56.52,36.81,74.37,23.06,84.94,9.95,0.61,-45.58,-56.36,False
10,11,trend_ema100_200,EMA 100/200,trend,327,173,52.91,25,25,14,0.56,56.0,37.07,73.33,23.63,83.96,10.98,2.24,-34.85,-43.2,False
10,12,momentum_dual_90_180,Dual Momentum 90/180,momentum,323,170,52.63,25,25,14,0.56,56.0,37.07,73.33,23.63,83.96,10.8,3.06,-34.89,-45.98,False
10,13,trend_breakout_200,200-Day Range Breakout,trend,152,74,48.68,20,20,11,0.55,55.0,34.21,74.18,20.57,85.23,9.63,2.77,-23.57,-36.86,False
10,14,trend_breakout_100,100-Day Range Breakout,trend,175,85,48.57,22,22,12,0.5454545454545454,54.55,34.66,73.08,21.29,84.19,9.62,1.74,-37.39,-54.26,False
10,15,momentum_dual_180_365,Dual Momentum 180/365,momentum,309,141,45.63,24,24,13,0.5416666666666666,54.17,35.07,72.11,21.97,83.23,8.65,-1.41,-46.96,-59.32,False
10,16,trend_triple_ma,Triple Moving Average,trend,275,137,49.82,23,23,12,0.5217391304347826,52.17,32.96,70.76,20.25,82.42,9.81,1.6,-22.54,-42.33,False
10,17,momentum_270,270-Day Absolute Momentum,momentum,323,171,52.94,25,25,13,0.52,52.0,33.5,69.97,20.98,81.56,10.98,3.47,-45.58,-56.36,False
10,18,momentum,Top Relative Momentum 180,momentum,154,74,48.05,25,25,13,0.52,52.0,33.5,69.97,20.98,81.56,9.23,1.18,-56.08,-59.82,False
10,19,trend_sma100_200,SMA 100/200,trend,312,160,51.28,26,26,13,0.5,50.0,32.06,67.94,20.07,79.93,10.8,2.29,-32.0,-53.7,False
10,20,momentum_90,90-Day Absolute Momentum,momentum,344,173,50.29,26,26,13,0.5,50.0,32.06,67.94,20.07,79.93,10.11,1.97,-48.5,-60.6,False
10,21,rsi14_recovery,RSI 14 Recovery,reversal,229,121,52.84,24,24,12,0.5,50.0,31.43,68.57,19.3,80.7,11.0,2.29,-60.63,-67.52,False
10,22,trend,SMA 50/200 + Momentum,trend,237,120,50.63,24,24,12,0.5,50.0,31.43,68.57,19.3,80.7,10.25,1.6,-51.9,-59.37,False
10,23,momentum_composite,Composite Momentum,momentum,143,67,46.85,24,24,12,0.5,50.0,31.43,68.57,19.3,80.7,9.2,0.37,-58.04,-58.96,False
10,24,vol_contraction_trend,Volatility Contraction Trend,risk,234,126,53.85,22,22,11,0.5,50.0,30.72,69.28,18.47,81.53,11.31,2.51,-48.5,-60.6,False
10,25,momentum_180,180-Day Absolute Momentum,momentum,337,172,51.04,25,25,12,0.48,48.0,30.03,66.5,18.44,79.02,10.24,1.11,-29.0,-42.86,False
10,26,trend_price_sma200,Price above SMA 200,trend,340,172,50.59,26,26,12,0.46153846153846156,46.15,28.76,64.54,17.66,77.4,10.29,1.82,-48.5,-60.6,False
10,27,drawdown_recovery_30,30% Drawdown Recovery,reversal,44,33,75.0,11,11,5,0.45454545454545453,45.45,21.27,71.99,10.39,85.69,24.02,10.62,-73.36,-73.44,False
10,28,breadth_trend,Broad-Market Trend,risk,338,168,49.7,25,25,11,0.44,44.0,26.67,62.93,16.04,76.37,9.91,1.86,-48.5,-60.6,False
10,29,low_vol_trend,Low-Volatility Trend,risk,210,101,48.1,25,25,11,0.44,44.0,26.67,62.93,16.04,76.37,9.24,2.41,-34.89,-45.98,False
10,30,trend_price_sma100,Price above SMA 100,trend,344,166,48.26,26,26,11,0.4230769230769231,42.31,25.54,61.05,15.36,74.76,9.37,0.96,-48.5,-60.6,False
11,1,drawdown_recovery,25% Drawdown Recovery,reversal,47,38,80.85,9,9,8,0.8888888888888888,88.89,56.5,98.01,30.44,99.32,28.35,15.73,-8.04,-39.12,False
11,2,drawdown_recovery_20,20% Drawdown Recovery,reversal,96,72,75.0,13,13,10,0.7692307692307693,76.92,49.74,91.82,28.98,96.46,18.99,10.02,-65.73,-76.95,False
11,3,drawdown_recovery_40,40% Drawdown Recovery,reversal,20,18,90.0,4,4,3,0.75,75.0,30.06,95.44,12.34,98.46,25.03,17.75,4.2,-39.12,False
11,4,vol_contraction_trend,Volatility Contraction Trend,risk,231,133,57.58,20,20,14,0.7,70.0,48.1,85.45,30.7,92.47,12.25,4.73,-36.78,-60.6,False
11,5,trend_price_sma100,Price above SMA 100,trend,318,188,59.12,23,23,16,0.6956521739130435,69.57,49.13,84.4,32.39,91.6,11.76,4.24,-50.03,-60.6,False
11,6,momentum_rank_365,Top Relative Momentum 365,momentum,121,68,56.2,22,22,15,0.6818181818181818,68.18,47.32,83.64,30.71,91.2,13.08,2.72,-49.02,-57.36,False
11,7,momentum_180,180-Day Absolute Momentum,momentum,306,169,55.23,24,24,16,0.6666666666666666,66.67,46.71,82.03,30.77,90.0,11.01,3.55,-50.03,-60.56,False
11,8,rsi28_recovery,RSI 28 Recovery,reversal,175,111,63.43,18,18,12,0.6666666666666666,66.67,43.75,83.72,26.86,91.59,15.14,3.49,-55.65,-67.52,False
11,9,momentum_rank_90,Top Relative Momentum 90,momentum,173,97,56.07,23,23,15,0.6521739130434783,65.22,44.89,81.19,29.12,89.54,12.57,2.87,-55.49,-59.82,False
11,10,trend_ema50_200,EMA 50/200,trend,296,167,56.42,23,23,15,0.6521739130434783,65.22,44.89,81.19,29.12,89.54,11.61,4.04,-39.34,-59.37,False
11,11,breadth_trend,Broad-Market Trend,risk,279,156,55.91,20,20,13,0.65,65.0,43.29,81.88,27.12,90.26,12.23,3.86,-33.85,-60.6,False
11,12,rsi14_recovery,RSI 14 Recovery,reversal,221,131,59.28,21,21,13,0.6190476190476191,61.9,40.88,79.25,25.61,88.46,12.08,4.76,-55.65,-67.52,False
11,13,momentum,Top Relative Momentum 180,momentum,149,86,57.72,23,23,14,0.6086956521739131,60.87,40.79,77.84,26.01,87.31,11.85,2.7,-44.99,-59.82,False
11,14,momentum_270,270-Day Absolute Momentum,momentum,305,169,55.41,23,23,14,0.6086956521739131,60.87,40.79,77.84,26.01,87.31,11.62,2.65,-42.36,-59.37,False
11,15,trend_price_sma200,Price above SMA 200,trend,307,171,55.7,23,23,14,0.6086956521739131,60.87,40.79,77.84,26.01,87.31,11.49,4.45,-50.03,-60.6,False
11,16,trend_ema100_200,EMA 100/200,trend,293,159,54.27,23,23,14,0.6086956521739131,60.87,40.79,77.84,26.01,87.31,11.33,3.26,-39.34,-59.37,False
11,17,momentum_365,365-Day Absolute Momentum,momentum,302,158,52.32,23,23,14,0.6086956521739131,60.87,40.79,77.84,26.01,87.31,11.06,2.7,-48.84,-56.36,False
11,18,momentum_dual_90_180,Dual Momentum 90/180,momentum,288,154,53.47,23,23,14,0.6086956521739131,60.87,40.79,77.84,26.01,87.31,10.58,2.99,-50.03,-60.56,False
11,19,trend_breakout_200,200-Day Range Breakout,trend,151,82,54.3,20,20,12,0.6,60.0,38.66,78.12,23.75,87.84,11.3,2.86,-29.06,-36.86,False
11,20,trend_triple_ma,Triple Moving Average,trend,265,138,52.08,20,20,12,0.6,60.0,38.66,78.12,23.75,87.84,10.86,2.99,-46.08,-56.36,False
11,21,trend_sma100_200,SMA 100/200,trend,285,158,55.44,22,22,13,0.5909090909090909,59.09,38.73,76.74,24.27,86.69,11.28,3.84,-46.08,-56.36,False
11,22,momentum_90,90-Day Absolute Momentum,momentum,318,176,55.35,24,24,14,0.5833333333333334,58.33,38.83,75.53,24.76,85.62,11.52,3.95,-50.03,-60.6,False
11,23,bollinger_recovery,Bollinger Recovery,reversal,180,110,61.11,21,21,12,0.5714285714285714,57.14,36.55,75.53,22.45,86.0,13.06,3.81,-55.65,-67.52,False
11,24,trend,SMA 50/200 + Momentum,trend,226,115,50.88,21,21,12,0.5714285714285714,57.14,36.55,75.53,22.45,86.0,10.51,2.88,-43.64,-59.37,False
11,25,momentum_composite,Composite Momentum,momentum,136,73,53.68,23,23,13,0.5652173913043478,56.52,36.81,74.37,23.06,84.94,11.17,2.64,-50.03,-60.56,False
11,26,momentum_dual_180_365,Dual Momentum 180/365,momentum,287,152,52.96,23,23,13,0.5652173913043478,56.52,36.81,74.37,23.06,84.94,10.96,2.76,-48.84,-56.36,False
11,27,trend_breakout_100,100-Day Range Breakout,trend,171,90,52.63,20,20,11,0.55,55.0,34.21,74.18,20.57,85.23,11.19,2.54,-30.56,-54.26,False
11,28,drawdown_recovery_30,30% Drawdown Recovery,reversal,44,35,79.55,11,11,6,0.5454545454545454,54.55,28.01,78.73,14.31,89.61,23.15,15.87,-65.73,-76.95,False
11,29,buy_hold,Buy & Hold Benchmark,benchmark,336,177,52.68,24,24,13,0.5416666666666666,54.17,35.07,72.11,21.97,83.23,10.47,2.93,-58.79,-67.52,False
11,30,low_vol_trend,Low-Volatility Trend,risk,191,97,50.79,23,23,11,0.4782608695652174,47.83,29.24,67.04,17.58,79.75,10.08,3.39,-50.03,-60.56,False
12,1,drawdown_recovery,25% Drawdown Recovery,reversal,45,39,86.67,8,8,7,0.875,87.5,52.91,97.76,27.41,99.24,30.87,19.98,-4.04,-39.12,False
12,2,drawdown_recovery_30,30% Drawdown Recovery,reversal,42,35,83.33,9,9,7,0.7777777777777778,77.78,45.26,93.68,23.74,97.52,25.98,19.16,-59.69,-76.95,False
12,3,trend_price_sma200,Price above SMA 200,trend,290,168,57.93,22,22,17,0.7727272727272727,77.27,56.56,89.88,37.87,94.99,13.25,3.44,-40.03,-60.6,False
12,4,drawdown_recovery_20,20% Drawdown Recovery,reversal,93,71,76.34,13,13,10,0.7692307692307693,76.92,49.74,91.82,28.98,96.46,20.82,10.51,-59.69,-76.95,False
12,5,rsi14_recovery,RSI 14 Recovery,reversal,212,123,58.02,20,20,15,0.75,75.0,53.13,88.81,34.5,94.47,12.48,4.39,-67.66,-71.63,False
12,6,drawdown_recovery_40,40% Drawdown Recovery,reversal,20,18,90.0,4,4,3,0.75,75.0,30.06,95.44,12.34,98.46,28.13,20.58,-4.04,-39.12,False
12,7,trend,SMA 50/200 + Momentum,trend,212,125,58.96,20,20,14,0.7,70.0,48.1,85.45,30.7,92.47,12.74,4.9,-34.21,-59.37,False
12,8,trend_triple_ma,Triple Moving Average,trend,252,141,55.95,20,20,14,0.7,70.0,48.1,85.45,30.7,92.47,12.66,4.63,-55.28,-59.82,False
12,9,trend_breakout_200,200-Day Range Breakout,trend,141,87,61.7,19,19,13,0.6842105263157895,68.42,46.01,84.64,28.83,92.06,13.73,4.71,-32.02,-40.13,False
12,10,trend_breakout_100,100-Day Range Breakout,trend,162,94,58.02,19,19,13,0.6842105263157895,68.42,46.01,84.64,28.83,92.06,12.6,3.12,-32.02,-54.26,False
12,11,trend_ema50_200,EMA 50/200,trend,280,162,57.86,22,22,15,0.6818181818181818,68.18,47.32,83.64,30.71,91.2,11.69,3.88,-40.16,-56.88,False
12,12,momentum_rank_90,Top Relative Momentum 90,momentum,169,99,58.58,21,21,14,0.6666666666666666,66.67,45.37,82.81,28.96,90.75,13.18,2.25,-43.84,-59.82,False
12,13,rsi28_recovery,RSI 28 Recovery,reversal,172,114,66.28,18,18,12,0.6666666666666666,66.67,43.75,83.72,26.86,91.59,17.5,4.96,-67.66,-71.63,False
12,14,buy_hold,Buy & Hold Benchmark,benchmark,322,197,61.18,23,23,15,0.6521739130434783,65.22,44.89,81.19,29.12,89.54,13.05,4.1,-67.66,-71.63,False
12,15,momentum_rank_365,Top Relative Momentum 365,momentum,115,70,60.87,20,20,13,0.65,65.0,43.29,81.88,27.12,90.26,12.83,3.88,-38.32,-59.82,False
12,16,vol_contraction_trend,Volatility Contraction Trend,risk,218,124,56.88,20,20,13,0.65,65.0,43.29,81.88,27.12,90.26,12.03,3.09,-35.7,-60.6,False
12,17,momentum_180,180-Day Absolute Momentum,momentum,284,165,58.1,22,22,14,0.6363636363636364,63.64,42.95,80.27,27.4,89.03,13.37,4.73,-37.32,-59.37,False
12,18,trend_price_sma100,Price above SMA 100,trend,299,174,58.19,22,22,14,0.6363636363636364,63.64,42.95,80.27,27.4,89.03,12.83,3.84,-49.65,-59.82,False
12,19,momentum_composite,Composite Momentum,momentum,129,78,60.47,22,22,14,0.6363636363636364,63.64,42.95,80.27,27.4,89.03,12.4,1.7,-39.0,-59.82,False
12,20,momentum,Top Relative Momentum 180,momentum,141,81,57.45,22,22,14,0.6363636363636364,63.64,42.95,80.27,27.4,89.03,12.22,4.07,-37.32,-59.82,False
12,21,momentum_365,365-Day Absolute Momentum,momentum,287,164,57.14,22,22,14,0.6363636363636364,63.64,42.95,80.27,27.4,89.03,12.2,3.76,-45.23,-59.37,False
12,22,momentum_dual_180_365,Dual Momentum 180/365,momentum,273,150,54.95,22,22,14,0.6363636363636364,63.64,42.95,80.27,27.4,89.03,11.94,3.4,-45.23,-59.37,False
12,23,trend_sma100_200,SMA 100/200,trend,272,157,57.72,21,21,13,0.6190476190476191,61.9,40.88,79.25,25.61,88.46,12.57,4.49,-55.28,-59.82,False
12,24,trend_ema100_200,EMA 100/200,trend,279,160,57.35,21,21,13,0.6190476190476191,61.9,40.88,79.25,25.61,88.46,11.94,3.99,-40.16,-47.36,False
12,25,bollinger_recovery,Bollinger Recovery,reversal,175,108,61.71,18,18,11,0.6111111111111112,61.11,38.62,79.7,23.2,89.1,14.42,4.1,-67.66,-71.63,False
12,26,breadth_trend,Broad-Market Trend,risk,278,158,56.83,20,20,12,0.6,60.0,38.66,78.12,23.75,87.84,12.27,2.13,-39.0,-60.6,False
12,27,momentum_270,270-Day Absolute Momentum,momentum,286,167,58.39,22,22,13,0.5909090909090909,59.09,38.73,76.74,24.27,86.69,12.46,4.37,-34.76,-50.9,False
12,28,momentum_dual_90_180,Dual Momentum 90/180,momentum,275,152,55.27,21,21,12,0.5714285714285714,57.14,36.55,75.53,22.45,86.0,12.42,2.66,-39.0,-59.82,False
12,29,low_vol_trend,Low-Volatility Trend,risk,183,99,54.1,22,22,12,0.5454545454545454,54.55,34.66,73.08,21.29,84.19,11.21,3.16,-41.63,-60.56,False
12,30,momentum_90,90-Day Absolute Momentum,momentum,291,153,52.58,22,22,12,0.5454545454545454,54.55,34.66,73.08,21.29,84.19,10.72,0.37,-53.13,-62.99,False
